numero_fiche;competence_id;methode
RNCP35901;sp_encadrer;ia
RNCP35901;sp_projet_aps;ia
RNCP35903;sp_encadrer;ia
RNCP35903;sp_projet_aps;ia
RNCP35904;gm_piloter_org;ia
RNCP35904;gm_strategie;ia
RNCP35904;sp_encadrer;ia
RNCP35905;gm_piloter_org;ia
RNCP35905;gm_strategie;ia
RNCP35905;sp_encadrer;ia
RNCP35906;sp_encadrer;ia
RNCP35906;sp_projet_aps;ia
RNCP35943;sp_encadrer;ia
RNCP36039;gm_piloter_org;ia
RNCP36039;gm_strategie;ia
RNCP36039;sp_encadrer;ia
RNCP36040;gm_piloter_org;ia
RNCP36040;gm_strategie;ia
RNCP36040;sp_encadrer;ia
RNCP36041;sp_encadrer;ia
RNCP36041;sp_projet_aps;ia
RNCP36155;se_secours;ia
RNCP36155;se_surveillance;ia
RNCP36174;gm_piloter_org;ia
RNCP36174;gm_strategie;ia
RNCP36174;sp_encadrer;ia
RNCP36248;sp_encadrer;ia
RNCP36248;sp_projet_aps;ia
RNCP36248;sp_securite_aquatique;ia
RNCP36249;sp_encadrer;ia
RNCP36249;sp_projet_aps;ia
RNCP36250;sp_encadrer;ia
RNCP36250;sp_projet_aps;ia
RNCP36251;gm_piloter_org;ia
RNCP36251;gm_strategie;ia
RNCP36251;sp_encadrer;ia
RNCP36252;sp_encadrer;ia
RNCP36252;sp_projet_aps;ia
RNCP36648;se_secours;ia
RNCP36648;se_surveillance;ia
RNCP36786;sp_encadrer;ia
RNCP36786;sp_projet_aps;ia
RNCP36820;sp_encadrer;ia
RNCP36820;sp_projet_aps;ia
RNCP36821;sp_encadrer;ia
RNCP36821;sp_projet_aps;ia
RNCP36822;sp_encadrer;ia
RNCP36822;sp_projet_aps;ia
RNCP36823;sp_encadrer;ia
RNCP36823;sp_projet_aps;ia
RNCP36824;sp_encadrer;ia
RNCP36824;sp_projet_aps;ia
RNCP36825;sp_encadrer;ia
RNCP36825;sp_projet_aps;ia
RNCP36826;sp_encadrer;ia
RNCP36826;sp_projet_aps;ia
RNCP36827;gm_piloter_org;ia
RNCP36827;gm_strategie;ia
RNCP36827;sp_encadrer;ia
RNCP36828;gm_piloter_org;ia
RNCP36828;gm_strategie;ia
RNCP36828;sp_encadrer;ia
RNCP36829;gm_piloter_org;ia
RNCP36829;gm_strategie;ia
RNCP36829;sp_encadrer;ia
RNCP36830;sp_encadrer;ia
RNCP36830;sp_projet_aps;ia
RNCP36831;sp_encadrer;ia
RNCP36831;sp_projet_aps;ia
RNCP36832;gm_diriger_structure_sportive;ia
RNCP36832;gm_strategie;ia
RNCP36832;sp_encadrer;ia
RNCP36956;sp_encadrer;ia
RNCP36956;sp_projet_aps;ia
RNCP36957;sp_encadrer;ia
RNCP36957;sp_projet_aps;ia
RNCP36958;sp_encadrer;ia
RNCP36958;sp_projet_aps;ia
RNCP36959;gm_diriger_structure_sportive;ia
RNCP36959;gm_strategie;ia
RNCP36959;sp_encadrer;ia
RNCP36960;gm_diriger_structure_sportive;ia
RNCP36960;gm_strategie;ia
RNCP36960;sp_encadrer;ia
RNCP36973;sp_encadrer;ia
RNCP36973;sp_projet_aps;ia
RNCP36974;sp_encadrer;ia
RNCP36974;sp_projet_aps;ia
RNCP37106;sp_encadrer;ia
RNCP37106;sp_projet_aps;ia
RNCP37109;sp_encadrer;ia
RNCP37109;sp_projet_aps;ia
RNCP37110;sp_encadrer;ia
RNCP37110;sp_projet_aps;ia
RNCP37111;sp_encadrer;ia
RNCP37111;sp_projet_aps;ia
RNCP37112;gm_diriger_structure_sportive;ia
RNCP37112;gm_strategie;ia
RNCP37112;sp_encadrer;ia
RNCP37113;sp_encadrer;ia
RNCP37113;sp_projet_aps;ia
RNCP37114;sp_encadrer;ia
RNCP37114;sp_projet_aps;ia
RNCP37190;sp_encadrer;ia
RNCP37190;sp_projet_aps;ia
RNCP37191;sp_encadrer;ia
RNCP37191;sp_projet_aps;ia
RNCP37192;sp_encadrer;ia
RNCP37192;sp_projet_aps;ia
RNCP37193;sp_encadrer;ia
RNCP37193;sp_projet_aps;ia
RNCP37194;sp_encadrer;ia
RNCP37194;sp_projet_aps;ia
RNCP37224;sp_encadrer;ia
RNCP37224;sp_projet_aps;ia
RNCP37320;au_controle_technique;ia
RNCP37320;cv_relation_client;ia
RNCP37320;q_qualite;ia
RNCP37364;sp_encadrer;ia
RNCP37364;sp_projet_aps;ia
RNCP37365;gm_diriger_structure_sportive;ia
RNCP37365;gm_strategie;ia
RNCP37365;sp_encadrer;ia
RNCP37388;sp_encadrer;ia
RNCP37388;sp_projet_aps;ia
RNCP37470;sp_encadrer;ia
RNCP37470;sp_projet_aps;ia
RNCP37471;gm_diriger_structure_sportive;ia
RNCP37471;gm_strategie;ia
RNCP37471;sp_encadrer;ia
RNCP37472;gm_diriger_structure_sportive;ia
RNCP37472;gm_strategie;ia
RNCP37472;sp_encadrer;ia
RNCP37478;sp_encadrer;ia
RNCP37478;sp_projet_aps;ia
RNCP37479;sp_encadrer;ia
RNCP37479;sp_projet_aps;ia
RNCP37480;sp_encadrer;ia
RNCP37480;sp_projet_aps;ia
RNCP37481;ef_formation;ia
RNCP37481;sp_direction_haut_niveau;ia
RNCP37481;sp_encadrer;ia
RNCP37571;sp_encadrer;ia
RNCP37571;sp_projet_aps;ia
RNCP37575;sp_encadrer;ia
RNCP37575;sp_projet_aps;ia
RNCP37576;sp_encadrer;ia
RNCP37576;sp_projet_aps;ia
RNCP37577;ef_formation;ia
RNCP37577;sp_direction_haut_niveau;ia
RNCP37577;sp_encadrer;ia
RNCP37616;se_arme_feu;ia
RNCP37616;se_secours;ia
RNCP37616;se_surveillance;ia
RNCP37617;se_arme_feu;ia
RNCP37617;se_secours;ia
RNCP37617;se_surveillance;ia
RNCP37692;ef_formation;ia
RNCP37692;sp_direction_haut_niveau;ia
RNCP37692;sp_encadrer;ia
RNCP37693;sp_encadrer;ia
RNCP37693;sp_projet_aps;ia
RNCP37730;se_cynophile;ia
RNCP37730;se_surveillance;ia
RNCP37737;se_surveillance;ia
RNCP37751;se_prevention;ia
RNCP37751;se_secours;ia
RNCP37751;se_surveillance;ia
RNCP37762;se_surveillance;ia
RNCP37878;cv_relation_client;ia
RNCP37878;tl_conduite_vehicule_lourd;ia
RNCP37935;sp_encadrer;ia
RNCP37935;sp_projet_aps;ia
RNCP38002;se_protection_rapprochee;ia
RNCP38002;se_surveillance;ia
RNCP38063;sp_encadrer;ia
RNCP38063;sp_projet_aps;ia
RNCP38064;sp_encadrer;ia
RNCP38064;sp_projet_aps;ia
RNCP38065;sp_encadrer;ia
RNCP38065;sp_projet_aps;ia
RNCP38139;cf_performance_fin;ia
RNCP38139;cv_strategie_commerciale;ia
RNCP38139;gm_strategie;ia
RNCP38139;rh_strategie;ia
RNCP38238;se_arme_feu;ia
RNCP38238;se_secours;ia
RNCP38238;se_surveillance;ia
RNCP38414;ef_enseigner;ia
RNCP38414;sp_encadrer;ia
RNCP38414;sp_projet_aps;ia
RNCP38415;ef_enseigner;ia
RNCP38415;sp_encadrer;ia
RNCP38449;se_surveillance;ia
RNCP38450;se_protection_rapprochee;ia
RNCP38450;se_secours;ia
RNCP38450;se_surveillance;ia
RNCP38451;se_secours;ia
RNCP38451;se_surveillance;ia
RNCP38572;q_developpement_durable;ia
RNCP38572;sp_encadrer;ia
RNCP38572;sp_projet_aps;ia
RNCP38574;ef_formation;ia
RNCP38574;q_developpement_durable;ia
RNCP38574;sp_encadrer;ia
RNCP38574;sp_projet_aps;ia
RNCP38839;ef_formation;ia
RNCP38839;sp_direction_haut_niveau;ia
RNCP38839;sp_encadrer;ia
RNCP38840;sp_encadrer;ia
RNCP38840;sp_projet_aps;ia
RNCP38863;mar_machines_navire;ia
RNCP38863;mar_navigation_securite;ia
RNCP38879;tl_conduite_vehicule_lourd;ia
RNCP38888;gm_piloter_org;ia
RNCP38888;sp_encadrer;ia
RNCP38888;sp_projet_aps;ia
RNCP38889;sp_encadrer;ia
RNCP38889;sp_projet_aps;ia
RNCP38890;sp_encadrer;ia
RNCP38890;sp_projet_aps;ia
RNCP38891;sp_encadrer;ia
RNCP38891;sp_projet_aps;ia
RNCP38988;s_soins;ia
RNCP38988;san_pratique_infirmiere_avancee;ia
RNCP38988;t_savoirs_specialises;ia
RNCP39086;se_protection_rapprochee;ia
RNCP39086;se_secours;ia
RNCP39152;gm_manager_equipe;ia
RNCP39152;mar_navigation_securite;ia
RNCP39154;mar_navigation_securite;ia
RNCP39285;sp_encadrer;ia
RNCP39285;sp_projet_aps;ia
RNCP39286;sp_encadrer;ia
RNCP39286;sp_projet_aps;ia
RNCP39287;gm_piloter_org;ia
RNCP39287;sp_encadrer;ia
RNCP39287;sp_projet_aps;ia
RNCP39288;gm_piloter_org;ia
RNCP39288;sp_encadrer;ia
RNCP39288;sp_projet_aps;ia
RNCP39405;e_maintenance_elec;ia
RNCP39414;gm_piloter_org;ia
RNCP39414;sp_encadrer;ia
RNCP39414;sp_projet_aps;ia
RNCP39415;sp_encadrer;ia
RNCP39415;sp_projet_aps;ia
RNCP39572;gm_piloter_org;ia
RNCP39572;sp_encadrer;ia
RNCP39572;sp_projet_aps;ia
RNCP39573;sp_encadrer;ia
RNCP39573;sp_projet_aps;ia
RNCP39630;cf_compta_courante;ia
RNCP39630;cv_strategie_commerciale;ia
RNCP39630;gm_manager_equipe;ia
RNCP39630;se_cyber_secu;ia
RNCP39651;mar_conduite_peche;ia
RNCP39651;mar_machines_navire;ia
RNCP39651;mar_navigation_securite;ia
RNCP39652;mar_machines_navire;ia
RNCP39652;mar_navigation_securite;ia
RNCP39653;cv_relation_client;ia
RNCP39653;mar_machines_navire;ia
RNCP39653;mar_navigation_securite;ia
RNCP39654;cv_relation_client;ia
RNCP39654;gm_manager_equipe;ia
RNCP39654;mar_navigation_securite;ia
RNCP39655;mar_navigation_securite;ia
RNCP39656;mar_navigation_securite;ia
RNCP39659;sp_encadrer;ia
RNCP39659;sp_projet_aps;ia
RNCP39660;sp_encadrer;ia
RNCP39660;sp_projet_aps;ia
RNCP39661;gm_piloter_org;ia
RNCP39661;sp_encadrer;ia
RNCP39661;sp_projet_aps;ia
RNCP39701;mar_machines_navire;ia
RNCP39702;mar_machines_navire;ia
RNCP39707;s_sterilisation;ia
RNCP39707;san_pharmacie_hospitaliere;ia
RNCP39795;tl_conduite_vehicule_lourd;ia
RNCP39796;tl_conduite_vehicule_lourd;ia
RNCP39797;mar_navigation_securite;ia
RNCP39798;mar_machines_navire;ia
RNCP39799;mar_navigation_securite;ia
RNCP39800;mar_navigation_securite;ia
RNCP39813;mar_navigation_securite;ia
RNCP39814;mar_machines_navire;ia
RNCP39815;mar_machines_navire;ia
RNCP39816;mar_navigation_securite;ia
RNCP39817;mar_machines_navire;ia
RNCP39818;mar_machines_navire;ia
RNCP39819;mar_machines_navire;ia
RNCP39820;mar_machines_navire;ia
RNCP39821;mar_machines_navire;ia
RNCP39822;mar_navigation_securite;ia
RNCP39826;mar_machines_navire;ia
RNCP39827;gm_piloter_org;ia
RNCP39827;sp_encadrer;ia
RNCP39827;sp_projet_aps;ia
RNCP39828;gm_piloter_org;ia
RNCP39828;sp_encadrer;ia
RNCP39828;sp_projet_aps;ia
RNCP39829;gm_piloter_org;ia
RNCP39829;sp_encadrer;ia
RNCP39829;sp_projet_aps;ia
RNCP39830;sp_encadrer;ia
RNCP39830;sp_projet_aps;ia
RNCP39830;t_equipe;ia
RNCP39831;gm_piloter_org;ia
RNCP39831;sp_encadrer;ia
RNCP39831;sp_projet_aps;ia
RNCP39832;sp_encadrer;ia
RNCP39832;sp_projet_aps;ia
RNCP39832;t_equipe;ia
RNCP39833;sp_encadrer;ia
RNCP39833;sp_projet_aps;ia
RNCP39833;t_equipe;ia
RNCP39834;sp_encadrer;ia
RNCP39834;sp_projet_aps;ia
RNCP39834;t_equipe;ia
RNCP39841;se_protection_rapprochee;ia
RNCP39841;se_secours;ia
RNCP39841;se_surveillance;ia
RNCP39928;sp_encadrer;ia
RNCP39928;sp_projet_aps;ia
RNCP39928;t_equipe;ia
RNCP39929;sp_encadrer;ia
RNCP39929;t_equipe;ia
RNCP39929;t_projet;ia
RNCP39932;mar_machines_navire;ia
RNCP39933;mar_machines_navire;ia
RNCP39934;gm_manager_equipe;ia
RNCP39934;mar_navigation_securite;ia
RNCP39941;gm_manager_equipe;ia
RNCP39941;mar_navigation_securite;ia
RNCP40010;gm_piloter_org;ia
RNCP40010;gm_strategie;ia
RNCP40010;sp_encadrer;ia
RNCP40035;sp_encadrer;ia
RNCP40035;t_equipe;ia
RNCP40035;t_projet;ia
RNCP40036;sp_encadrer;ia
RNCP40036;t_equipe;ia
RNCP40036;t_projet;ia
RNCP40047;s_soins;ia
RNCP40047;san_appareillage_medical;ia
RNCP40047;san_ergotherapie;ia
RNCP40079;sp_encadrer;ia
RNCP40079;t_equipe;ia
RNCP40079;t_projet;ia
RNCP40083;gm_manager_equipe;ia
RNCP40083;mar_conduite_peche;ia
RNCP40083;mar_navigation_securite;ia
RNCP40084;gm_manager_equipe;ia
RNCP40084;mar_conduite_peche;ia
RNCP40084;mar_navigation_securite;ia
RNCP40085;mar_navigation_securite;ia
RNCP40086;mar_navigation_securite;ia
RNCP40087;mar_navigation_securite;ia
RNCP40094;mar_conduite_peche;ia
RNCP40094;mar_navigation_securite;ia
RNCP40095;gm_manager_equipe;ia
RNCP40095;mar_conduite_peche;ia
RNCP40095;mar_navigation_securite;ia
RNCP40148;se_protection_rapprochee;ia
RNCP40148;se_secours;ia
RNCP40210;sp_encadrer;ia
RNCP40210;t_equipe;ia
RNCP40210;t_projet;ia
RNCP40211;sp_encadrer;ia
RNCP40211;t_equipe;ia
RNCP40211;t_projet;ia
RNCP40212;gm_piloter_org;ia
RNCP40212;gm_strategie;ia
RNCP40212;sp_encadrer;ia
RNCP40213;gm_piloter_org;ia
RNCP40213;gm_strategie;ia
RNCP40213;sp_encadrer;ia
RNCP40238;agr_metiers_elevage;ia
RNCP40238;an_veterinaire;ia
RNCP40250;sec_enquetes_forensique;ia
RNCP40271;se_cynophile;ia
RNCP40271;se_surveillance;ia
RNCP40315;sec_prep_survie_pyro;ia
RNCP40374;se_protection_rapprochee;ia
RNCP40374;se_secours;ia
RNCP40375;se_secours;ia
RNCP40375;se_surveillance;ia
RNCP40385;cv_strategie_commerciale;ia
RNCP40385;ges_entrepreneuriat;ia
RNCP40385;gm_manager_equipe;ia
RNCP40386;se_secours;ia
RNCP40386;se_surveillance;ia
RNCP40426;gm_manager_equipe;ia
RNCP40426;sp_direction_haut_niveau;ia
RNCP40426;sp_encadrer;ia
RNCP40427;gm_manager_equipe;ia
RNCP40427;sp_direction_haut_niveau;ia
RNCP40427;sp_encadrer;ia
RNCP40428;gm_manager_equipe;ia
RNCP40428;sp_direction_haut_niveau;ia
RNCP40428;sp_encadrer;ia
RNCP40429;gm_manager_equipe;ia
RNCP40429;sp_direction_haut_niveau;ia
RNCP40429;sp_encadrer;ia
RNCP40430;gm_manager_equipe;ia
RNCP40430;sp_direction_haut_niveau;ia
RNCP40430;sp_encadrer;ia
RNCP40431;gm_manager_equipe;ia
RNCP40431;sp_direction_haut_niveau;ia
RNCP40431;sp_encadrer;ia
RNCP40432;gm_manager_equipe;ia
RNCP40432;sp_direction_haut_niveau;ia
RNCP40432;sp_encadrer;ia
RNCP40452;sp_encadrer;ia
RNCP40452;sp_projet_aps;ia
RNCP40453;gm_manager_equipe;ia
RNCP40453;sp_direction_haut_niveau;ia
RNCP40453;sp_encadrer;ia
RNCP40552;cf_performance_fin;ia
RNCP40552;cv_strategie_commerciale;ia
RNCP40552;ges_entrepreneuriat;ia
RNCP40552;rh_developpement;ia
RNCP40583;se_secours;ia
RNCP40583;se_surveillance;ia
RNCP40584;se_protection_rapprochee;ia
RNCP40584;se_secours;ia
RNCP40584;se_surveillance;ia
RNCP40645;se_secours;ia
RNCP40645;se_surveillance;ia
RNCP40919;se_secours;ia
RNCP40919;se_surveillance;ia
RNCP41221;sp_encadrer;ia
RNCP41221;sp_projet_aps;ia
RNCP41297;se_secours;ia
RNCP41297;se_surveillance;ia
RNCP41352;cf_paie;ia
RNCP41352;cv_marketing_digital;ia
RNCP41352;rh_admin;ia
RNCP41352;se_surveillance;ia
RNCP41394;se_secours;ia
RNCP41394;se_surveillance;ia
RNCP41396;se_surveillance;ia
RNCP41397;se_secours;ia
RNCP41397;se_surveillance;ia
RNCP41424;se_secours;ia
RNCP41424;se_surveillance;ia
RNCP41662;se_cynophile;ia
RNCP41662;se_secours;ia
RNCP41662;se_surveillance;ia
RNCP41762;se_secours;ia
RNCP41762;se_surveillance;ia
RNCP41788;se_protection_rapprochee;ia
RNCP41788;se_secours;ia
RNCP41788;se_surveillance;ia
RNCP41850;gm_manager_equipe;ia
RNCP41850;i_maintenance;ia
RNCP41850;mar_navigation_securite;ia
RNCP41961;se_protection_rapprochee;ia
RNCP41961;se_secours;ia
RNCP41991;cf_compta_courante;ia
RNCP41991;cv_strategie_commerciale;ia
RNCP41991;gm_manager_equipe;ia
RNCP41991;rh_admin;ia
RNCP42158;se_secours;ia
RNCP42158;se_surveillance;ia
RNCP42483;cf_performance_fin;ia
RNCP42483;cv_strategie_commerciale;ia
RNCP42483;rh_recrutement;ia
RNCP42483;se_surveillance;ia
RS5367;t_equipe;ia
RS5367;t_projet;ia
RS5509;ar_musique_spectacle;ia
RS5509;ges_entrepreneuriat;ia
RS5509;so_mediation;ia
RS5512;gm_parties_prenantes;ia
RS5512;rh_strategie;ia
RS5513;gm_strategie;ia
RS5513;t_exploiter_donnees;ia
RS5513;t_transformation;ia
RS5514;cv_marketing;ia
RS5514;ges_entrepreneuriat;ia
RS5514;gm_projet;ia
RS5514;q_developpement_durable;ia
RS5515;ef_accompagnement;ia
RS5517;cv_vendre;ia
RS5517;gm_manager_equipe;ia
RS5517;rh_admin;ia
RS5517;so_mediation;ia
RS5579;cf_controle_gestion;ia
RS5579;ges_entrepreneuriat;ia
RS5619;cf_performance_fin;ia
RS5619;d_contentieux;ia
RS5619;gm_parties_prenantes;ia
RS5619;gm_strategie;ia
RS5842;q_metrologie;ia
RS5843;q_metrologie;ia
RS5844;q_metrologie;ia
RS5943;cf_paie;ia
RS5943;d_veille;ia
RS5950;se_cynophile;ia
RS5950;se_surveillance;ia
RS5955;so_violences_victimes;ia
RS5958;q_developpement_durable;ia
RS6007;sp_preparation_mentale;ia
RS6030;q_developpement_durable;ia
RS6130;gm_amelioration;ia
RS6131;gm_amelioration;ia
RS6131;gm_manager_equipe;ia
RS6132;gm_amelioration;ia
RS6132;gm_manager_equipe;ia
RS6132;t_transformation;ia
RS6133;gm_amelioration;ia
RS6133;t_exploiter_donnees;ia
RS6134;gm_amelioration;ia
RS6134;t_exploiter_donnees;ia
RS6135;gm_amelioration;ia
RS6135;gm_manager_equipe;ia
RS6135;t_exploiter_donnees;ia
RS6171;d_conseil;ia
RS6171;d_contentieux;ia
RS6332;ef_formation;ia
RS6332;n_accessibilite_numerique;ia
RS6340;ef_accompagnement;ia
RS6353;n_systemes;ia
RS6359;se_secours;ia
RS6359;se_surveillance;ia
RS6364;so_violences_victimes;ia
RS6365;se_cynophile;ia
RS6365;se_surveillance;ia
RS6367;ef_accompagnement;ia
RS6380;q_metrologie;ia
RS6391;ef_accompagnement;ia
RS6393;gm_negociation_conflits;ia
RS6401;so_accompagnement;ia
RS6401;so_intervention;ia
RS6408;n_cyber;ia
RS6408;n_reseaux;ia
RS6425;n_maintien_op;ia
RS6425;n_systemes;ia
RS6430;n_dev_app;ia
RS6430;n_usages_avances;ia
RS6434;ef_accompagnement;ia
RS6434;ef_ingenierie_peda;ia
RS6450;cm_design_graphique;ia
RS6450;n_usages_avances;ia
RS6469;t_lsf;ia
RS6491;ef_accompagnement;ia
RS6534;d_expertise_intl;ia
RS6534;d_veille;ia
RS6535;b_chantier;ia
RS6535;ges_entrepreneuriat;ia
RS6535;t_responsabilite;ia
RS6540;gm_amelioration;ia
RS6540;gm_processus;ia
RS6541;gm_amelioration;ia
RS6541;gm_qualite;ia
RS6542;gm_amelioration;ia
RS6542;gm_qualite;ia
RS6543;gm_amelioration;ia
RS6543;gm_qualite;ia
RS6573;i_fabrication;ia
RS6576;i_fabrication;ia
RS6577;i_fabrication;ia
RS6578;i_fabrication;ia
RS6579;ch_formulation;ia
RS6580;ch_procede;ia
RS6646;ar_documentation;ia
RS6646;t_savoirs_specialises;ia
RS6660;so_accompagnement;ia
RS6660;so_intervention;ia
RS6682;gm_manager_equipe;ia
RS6682;gm_parties_prenantes;ia
RS6698;gm_amelioration;ia
RS6698;gm_qualite;ia
RS6701;n_dev_app;ia
RS6714;gm_amelioration;ia
RS6714;gm_projet;ia
RS6715;n_ethique_ia;ia
RS6715;num_gouvernance_conformite;ia
RS6717;ef_accompagnement;ia
RS6718;i_conception;ia
RS6736;tra_aeronautique;ia
RS6750;n_cloud_architecture;ia
RS6752;sp_encadrer;ia
RS6753;sp_encadrer;ia
RS6763;t_exploiter_donnees;ia
RS6772;n_projet_info;ia
RS6772;num_gouvernance_conformite;ia
RS6773;ef_accompagnement;ia
RS6773;ef_ingenierie_peda;ia
RS6776;cm_message_numerique;ia
RS6776;n_usages_avances;ia
RS6800;btp_engins_vehicules;ia
RS6844;n_dev_app;ia
RS6846;b_realisation;ia
RS6854;ef_accompagnement;ia
RS6854;ef_enseigner;ia
RS6856;ef_accompagnement;ia
RS6856;ef_enseigner;ia
RS6864;ef_ingenierie_peda;ia
RS6864;rh_developpement;ia
RS6866;btp_engins_vehicules;ia
RS6867;btp_engins_vehicules;ia
RS6868;btp_engins_vehicules;ia
RS6869;btp_engins_vehicules;ia
RS6870;btp_engins_vehicules;ia
RS6871;btp_engins_vehicules;ia
RS6872;btp_engins_vehicules;ia
RS6873;btp_engins_vehicules;ia
RS6879;btp_engins_vehicules;ia
RS6880;btp_engins_vehicules;ia
RS6888;i_cao_dao;ia
RS6889;n_web;ia
RS6890;n_dev_app;ia
RS6891;cm_message_numerique;ia
RS6891;n_usages_avances;ia
RS6894;t_outils_numeriques;ia
RS6897;t_projet;ia
RS6903;com_traduction;ia
RS6929;ef_enseigner;ia
RS6932;gm_manager_equipe;ia
RS6933;q_developpement_durable;ia
RS6934;btp_engins_vehicules;ia
RS6935;btp_engins_vehicules;ia
RS6936;btp_engins_vehicules;ia
RS6937;btp_engins_vehicules;ia
RS6938;btp_engins_vehicules;ia
RS6941;rh_developpement;ia
RS6941;se_prevention;ia
RS6941;t_transformation;ia
RS6944;ur_geomatique;ia
RS6951;cv_prospection;ia
RS6952;rh_recrutement;ia
RS6971;ch_analyse;ia
RS6973;san_affaires_reglementaires_pharma;ia
RS6974;ch_pharma;ia
RS6974;q_qualite;ia
RS6975;q_qualite;ia
RS6976;ch_pharma;ia
RS6976;q_qualite;ia
RS6977;ef_formation;ia
RS6977;ges_entrepreneuriat;ia
RS6978;ef_ingenierie_peda;ia
RS6982;tra_aeronautique;ia
RS6988;se_secret_defense;ia
RS6991;se_secret_defense;ia
RS6992;se_secret_defense;ia
RS6997;btp_engins_vehicules;ia
RS6998;btp_engins_vehicules;ia
RS6999;btp_engins_vehicules;ia
RS7000;btp_engins_vehicules;ia
RS7001;btp_engins_vehicules;ia
RS7002;btp_engins_vehicules;ia
RS7003;eg_calcul_professionnel;ia
RS7003;se_prevention;ia
RS7003;t_communiquer;ia
RS7003;t_outils_numeriques;ia
RS7006;agr_metiers_elevage;ia
RS7019;n_systemes;ia
RS7023;btp_engins_vehicules;ia
RS7029;num_gouvernance_conformite;ia
RS7029;t_transformation;ia
RS7040;btp_engins_vehicules;ia
RS7041;btp_engins_vehicules;ia
RS7042;btp_engins_vehicules;ia
RS7043;btp_engins_vehicules;ia
RS7044;btp_engins_vehicules;ia
RS7045;btp_engins_vehicules;ia
RS7046;btp_engins_vehicules;ia
RS7047;btp_engins_vehicules;ia
RS7048;btp_engins_vehicules;ia
RS7049;btp_engins_vehicules;ia
RS7076;cv_marketing_digital;ia
RS7078;se_surveillance;ia
RS7094;t_outils_numeriques;ia
RS7102;num_gouvernance_conformite;ia
RS7102;num_produits_numeriques;ia
RS7103;n_donnees;ia
RS7103;t_exploiter_donnees;ia
RS7119;ec_esthetique;ia
RS7120;ec_esthetique;ia
RS7121;ec_coiffure;ia
RS7122;s_expositions;ia
RS7122;se_prevention;ia
RS7126;ag_analyse_sensorielle;ia
RS7128;sp_encadrer;ia
RS7130;sp_encadrer;ia
RS7132;se_surveillance;ia
RS7132;t_equipe;ia
RS7164;cm_audiovisuel;ia
RS7164;tra_aeronautique;ia
RS7165;ef_formation;ia
RS7166;t_equipe;ia
RS7167;gm_manager_equipe;ia
RS7169;cf_fiscalite;ia
RS7169;com_international_performance;ia
RS7182;an_prod_animale;ia
RS7182;mar_domaine_public_maritime;ia
RS7205;n_donnees;ia
RS7210;ef_evaluation_competences;ia
RS7211;ef_accompagnement;ia
RS7217;se_commerce_armes;ia
RS7223;ef_accompagnement;ia
RS7237;gm_culture_manageriale;ia
RS7237;gm_manager_equipe;ia
RS7244;ar_documentation;ia
RS7271;t_equipe;ia
RS7272;an_paysage;ia
RS7273;cv_relation_client;ia
RS7322;n_systemes;ia
RS7344;n_usages_avances;ia
RS7344;t_transformation;ia
RS7346;se_surveillance;ia
RS7375;cm_communication;ia
RS7375;cv_marketing_digital;ia
RS7376;cv_relation_client;ia
RS7377;t_equipe;ia
RS7378;cf_controle_gestion;ia
RS7378;cf_performance_fin;ia
RS7379;ef_formation;ia
RS7380;ges_achats;ia
RS7381;ef_accompagnement;ia
RS7382;cf_paie;ia
RS7383;com_international_performance;ia
RS7383;tl_transport;ia
RS7384;cv_vendre;ia
RS7385;gm_parties_prenantes;ia
RS7385;t_equipe;ia
RS7385;t_projet;ia
RS7386;so_accompagnement;ia
RS7386;so_partenariat;ia
RS7386;sp_projet_aps;ia
RS7393;ef_ingenierie_peda;ia
RS7393;si_prototype;ia
RS7431;se_cyber_secu;ia
RS7431;se_surveillance;ia
RS7483;i_peinture_industrielle;ia
RS7490;i_peinture_industrielle;ia
RS7499;n_donnees;ia
RS7499;n_projet_info;ia
RS7511;cv_marketing_digital;ia
RS7520;n_donnees;ia
RS7520;t_exploiter_donnees;ia
RS7536;t_exploiter_donnees;ia
RS7536;t_outils_numeriques;ia
RS7556;au_expertise_vehicule;ia
RS7561;s_urgence;ia
RS7561;so_accompagnement;ia
RS7561;so_intervention;ia
RS7567;gm_manager_equipe;ia
RS7567;gm_piloter_org;ia
RS7567;so_direction_petite_enfance;ia
RS7605;ges_entrepreneuriat;ia
RS7646;t_communiquer;ia
